id,name
aaliyah.dean003@yahoo.com,aaliyah.dean003@yahoo.com
aaliyah.fields248@yahoo.com,aaliyah.fields248@yahoo.com
aaliyaharnold133@mail.com,aaliyaharnold133@mail.com
aaron.durham895@gmail.com,aaron.durham895@gmail.com
aaronconway417@gmail.com,aaronconway417@gmail.com
aarongrimes066@mail.com,aarongrimes066@mail.com
abbott266@mail.com,abbott266@mail.com
abbott790@gmail.com,abbott790@gmail.com
abigaildoyle437@gmail.com,abigaildoyle437@gmail.com
abigailspence075@gmail.com,abigailspence075@gmail.com
acosta252@mail.com,acosta252@mail.com
acosta867@yahoo.com,acosta867@yahoo.com
adam.sexton148@yahoo.com,adam.sexton148@yahoo.com
adamballard240@yahoo.com,adamballard240@yahoo.com
addison.joyner563@gmail.com,addison.joyner563@gmail.com
addison.paul501@mail.com,addison.paul501@mail.com
adrian.ball465@gmail.com,adrian.ball465@gmail.com
adrian.contreras332@gmail.com,adrian.contreras332@gmail.com
adrian.keller387@mail.com,adrian.keller387@mail.com
adrian.middleton846@gmail.com,adrian.middleton846@gmail.com
adrian.peterson262@yahoo.com,adrian.peterson262@yahoo.com
adriandillard781@yahoo.com,adriandillard781@yahoo.com
adrianhawkins563@gmail.com,adrianhawkins563@gmail.com
aguilar853@yahoo.com,aguilar853@yahoo.com
aiden.cunningham295@mail.com,aiden.cunningham295@mail.com
aidenball034@mail.com,aidenball034@mail.com
aidenhaley063@mail.com,aidenhaley063@mail.com
aidenmccullough874@mail.com,aidenmccullough874@mail.com
aidenstout246@yahoo.com,aidenstout246@yahoo.com
alex.mcintosh196@mail.com,alex.mcintosh196@mail.com
alex.vinson424@yahoo.com,alex.vinson424@yahoo.com
alex.wynn098@yahoo.com,alex.wynn098@yahoo.com
alexa.castro520@yahoo.com,alexa.castro520@yahoo.com
alexa.hunter761@gmail.com,alexa.hunter761@gmail.com
alexa.love255@mail.com,alexa.love255@mail.com
alexa.roach022@gmail.com,alexa.roach022@gmail.com
alexajustice631@mail.com,alexajustice631@mail.com
alexander.oneill529@yahoo.com,alexander.oneill529@yahoo.com
alexander840@gmail.com,alexander840@gmail.com
alexandra.crane598@mail.com,alexandra.crane598@mail.com
alexandra.harmon365@mail.com,alexandra.harmon365@mail.com
alexandrahoover070@mail.com,alexandrahoover070@mail.com
alexandratownsend844@mail.com,alexandratownsend844@mail.com
alexanthony213@yahoo.com,alexanthony213@yahoo.com
alexasanders373@gmail.com,alexasanders373@gmail.com
alexis.barker037@gmail.com,alexis.barker037@gmail.com
alexis.sampson649@mail.com,alexis.sampson649@mail.com
alexisbruce801@mail.com,alexisbruce801@mail.com
alexismcmillan813@gmail.com,alexismcmillan813@gmail.com
alexisrosa506@yahoo.com,alexisrosa506@yahoo.com
alexissavage611@mail.com,alexissavage611@mail.com
alexkaufman193@gmail.com,alexkaufman193@gmail.com
alexwyatt109@gmail.com,alexwyatt109@gmail.com
allen847@mail.com,allen847@mail.com
allison.martinez761@gmail.com,allison.martinez761@gmail.com
allison.torres217@yahoo.com,allison.torres217@yahoo.com
allisonadams288@mail.com,allisonadams288@mail.com
allisonharris299@yahoo.com,allisonharris299@yahoo.com
allisonhodge774@yahoo.com,allisonhodge774@yahoo.com
allisonmercer500@gmail.com,allisonmercer500@gmail.com
allisonrocha828@yahoo.com,allisonrocha828@yahoo.com
alyssa.mcgee354@yahoo.com,alyssa.mcgee354@yahoo.com
alyssamichael660@gmail.com,alyssamichael660@gmail.com
alyssarasmussen131@gmail.com,alyssarasmussen131@gmail.com
alyssasanford232@yahoo.com,alyssasanford232@yahoo.com
amelia.clay508@gmail.com,amelia.clay508@gmail.com
amelia.mcfadden472@yahoo.com,amelia.mcfadden472@yahoo.com
amelia.olsen330@yahoo.com,amelia.olsen330@yahoo.com
ameliawilliams612@mail.com,ameliawilliams612@mail.com
andrea.avery192@gmail.com,andrea.avery192@gmail.com
andrea.farley303@gmail.com,andrea.farley303@gmail.com
andreafuentes778@yahoo.com,andreafuentes778@yahoo.com
andrew.downs640@yahoo.com,andrew.downs640@yahoo.com
andrew.pollard763@yahoo.com,andrew.pollard763@yahoo.com
andrew.terrell038@yahoo.com,andrew.terrell038@yahoo.com
andrew.whitley451@yahoo.com,andrew.whitley451@yahoo.com
andrewcase742@mail.com,andrewcase742@mail.com
andrewodonnell474@gmail.com,andrewodonnell474@gmail.com
angel.terry400@mail.com,angel.terry400@mail.com
angelhoover677@yahoo.com,angelhoover677@yahoo.com
anna.carey655@yahoo.com,anna.carey655@yahoo.com
anna.dickson101@gmail.com,anna.dickson101@gmail.com
anna.mullen832@yahoo.com,anna.mullen832@yahoo.com
anna.parsons507@gmail.com,anna.parsons507@gmail.com
anna.stewart385@gmail.com,anna.stewart385@gmail.com
anna.tanner878@gmail.com,anna.tanner878@gmail.com
annabelle.powers858@yahoo.com,annabelle.powers858@yahoo.com
annabelle.pratt887@mail.com,annabelle.pratt887@mail.com
annabelle.welch282@mail.com,annabelle.welch282@mail.com
annabellelogan456@gmail.com,annabellelogan456@gmail.com
annabellevelazquez668@yahoo.com,annabellevelazquez668@yahoo.com
annagallegos130@gmail.com,annagallegos130@gmail.com
anthony.delgado750@gmail.com,anthony.delgado750@gmail.com
anthony.fletcher607@yahoo.com,anthony.fletcher607@yahoo.com
anthony.sweeney783@gmail.com,anthony.sweeney783@gmail.com
anthonyduncan049@mail.com,anthonyduncan049@mail.com
anthonygrimes168@gmail.com,anthonygrimes168@gmail.com
anthonyking387@mail.com,anthonyking387@mail.com
aria.acosta473@mail.com,aria.acosta473@mail.com
aria.finch889@mail.com,aria.finch889@mail.com
ariacastillo333@mail.com,ariacastillo333@mail.com
ariakoch328@mail.com,ariakoch328@mail.com
ariana.dale874@mail.com,ariana.dale874@mail.com
ariana.mcclain153@gmail.com,ariana.mcclain153@gmail.com
ariana.sampson189@gmail.com,ariana.sampson189@gmail.com
ariana.sanders598@yahoo.com,ariana.sanders598@yahoo.com
ariana.stein418@mail.com,ariana.stein418@mail.com
arianadotson329@gmail.com,arianadotson329@gmail.com
arianna.ellis197@gmail.com,arianna.ellis197@gmail.com
arianna.sweeney156@yahoo.com,arianna.sweeney156@yahoo.com
ariannacontreras716@yahoo.com,ariannacontreras716@yahoo.com
ariannadrake596@mail.com,ariannadrake596@mail.com
ariannagregory287@yahoo.com,ariannagregory287@yahoo.com
ariapace236@mail.com,ariapace236@mail.com
ariasuarez109@yahoo.com,ariasuarez109@yahoo.com
arnold879@gmail.com,arnold879@gmail.com
ashley.boyle339@mail.com,ashley.boyle339@mail.com
ashley.harper180@mail.com,ashley.harper180@mail.com
ashleychavez544@gmail.com,ashleychavez544@gmail.com
ashleymckinney377@gmail.com,ashleymckinney377@gmail.com
atkins154@mail.com,atkins154@mail.com
atkins615@yahoo.com,atkins615@yahoo.com
aubree.fleming677@yahoo.com,aubree.fleming677@yahoo.com
aubree.huff692@mail.com,aubree.huff692@mail.com
aubreecampbell840@yahoo.com,aubreecampbell840@yahoo.com
aubreemcfadden608@gmail.com,aubreemcfadden608@gmail.com
aubrey.elliott504@mail.com,aubrey.elliott504@mail.com
aubrey.mathis130@yahoo.com,aubrey.mathis130@yahoo.com
aubreyshaffer741@mail.com,aubreyshaffer741@mail.com
audrey.doyle293@yahoo.com,audrey.doyle293@yahoo.com
audrey.hurst623@gmail.com,audrey.hurst623@gmail.com
audrey.sargent510@mail.com,audrey.sargent510@mail.com
audrey.sellers440@yahoo.com,audrey.sellers440@yahoo.com
audreylangley865@mail.com,audreylangley865@mail.com
audreylynn656@yahoo.com,audreylynn656@yahoo.com
audreysolis578@gmail.com,audreysolis578@gmail.com
audreywhitaker645@gmail.com,audreywhitaker645@gmail.com
austin.benjamin628@gmail.com,austin.benjamin628@gmail.com
austin.duffy449@yahoo.com,austin.duffy449@yahoo.com
austin.jacobs529@mail.com,austin.jacobs529@mail.com
austinhall379@gmail.com,austinhall379@gmail.com
autumn.mosley763@mail.com,autumn.mosley763@mail.com
autumn.obrien202@gmail.com,autumn.obrien202@gmail.com
autumn.santos610@mail.com,autumn.santos610@mail.com
autumnanthony149@gmail.com,autumnanthony149@gmail.com
autumnryan613@yahoo.com,autumnryan613@yahoo.com
autumnvelez077@gmail.com,autumnvelez077@gmail.com
avalopez477@gmail.com,avalopez477@gmail.com
avery.mckay866@yahoo.com,avery.mckay866@yahoo.com
avery.vazquez230@mail.com,avery.vazquez230@mail.com
avery390@mail.com,avery390@mail.com
averyblackburn080@mail.com,averyblackburn080@mail.com
averychapman637@yahoo.com,averychapman637@yahoo.com
averyfranco287@yahoo.com,averyfranco287@yahoo.com
averyleblanc337@mail.com,averyleblanc337@mail.com
averypoole331@yahoo.com,averypoole331@yahoo.com
ayala486@yahoo.com,ayala486@yahoo.com
ayden.sheppard139@mail.com,ayden.sheppard139@mail.com
aydenchurch237@gmail.com,aydenchurch237@gmail.com
aydenfaulkner240@mail.com,aydenfaulkner240@mail.com
aydenhuffman692@yahoo.com,aydenhuffman692@yahoo.com
aydenwyatt480@gmail.com,aydenwyatt480@gmail.com
bailey.dorsey729@mail.com,bailey.dorsey729@mail.com
bailey.grimes012@mail.com,bailey.grimes012@mail.com
bailey.spencer851@mail.com,bailey.spencer851@mail.com
baileyrivers722@yahoo.com,baileyrivers722@yahoo.com
baird264@yahoo.com,baird264@yahoo.com
baker141@mail.com,baker141@mail.com
banks088@mail.com,banks088@mail.com
barnes088@yahoo.com,barnes088@yahoo.com
barr482@yahoo.com,barr482@yahoo.com
barrera276@yahoo.com,barrera276@yahoo.com
barton152@gmail.com,barton152@gmail.com
barton761@yahoo.com,barton761@yahoo.com
baxter503@gmail.com,baxter503@gmail.com
beach455@mail.com,beach455@mail.com
beard399@mail.com,beard399@mail.com
beard437@mail.com,beard437@mail.com
beard502@gmail.com,beard502@gmail.com
beard636@mail.com,beard636@mail.com
beck772@mail.com,beck772@mail.com
becker470@gmail.com,becker470@gmail.com
bella.bean477@gmail.com,bella.bean477@gmail.com
bella.patrick103@gmail.com,bella.patrick103@gmail.com
bella.sawyer274@mail.com,bella.sawyer274@mail.com
bella.tate316@mail.com,bella.tate316@mail.com
bellamccarty567@yahoo.com,bellamccarty567@yahoo.com
bender046@yahoo.com,bender046@yahoo.com
bender056@yahoo.com,bender056@yahoo.com
benjamin.cherry409@yahoo.com,benjamin.cherry409@yahoo.com
benjamin.clayton233@mail.com,benjamin.clayton233@mail.com
benjamin786@yahoo.com,benjamin786@yahoo.com
benjaminclements842@gmail.com,benjaminclements842@gmail.com
bentley.bennett229@gmail.com,bentley.bennett229@gmail.com
bentley.davidson595@yahoo.com,bentley.davidson595@yahoo.com
bentley.evans390@mail.com,bentley.evans390@mail.com
bentley.nicholson087@yahoo.com,bentley.nicholson087@yahoo.com
bentleymoon509@gmail.com,bentleymoon509@gmail.com
berg627@yahoo.com,berg627@yahoo.com
berger654@mail.com,berger654@mail.com
best768@yahoo.com,best768@yahoo.com
bird714@gmail.com,bird714@gmail.com
black158@gmail.com,black158@gmail.com
blackwell175@mail.com,blackwell175@mail.com
blake.pickett042@yahoo.com,blake.pickett042@yahoo.com
blakehawkins171@yahoo.com,blakehawkins171@yahoo.com
blakemontoya768@mail.com,blakemontoya768@mail.com
blakeward417@yahoo.com,blakeward417@yahoo.com
bolton379@mail.com,bolton379@mail.com
booker775@gmail.com,booker775@gmail.com
booker828@yahoo.com,booker828@yahoo.com
boone313@yahoo.com,boone313@yahoo.com
bradford643@gmail.com,bradford643@gmail.com
branch409@yahoo.com,branch409@yahoo.com
brandon.gibson838@yahoo.com,brandon.gibson838@yahoo.com
brandonmeyers632@yahoo.com,brandonmeyers632@yahoo.com
bray860@gmail.com,bray860@gmail.com
brayden.hartman833@yahoo.com,brayden.hartman833@yahoo.com
brayden.rowe580@mail.com,brayden.rowe580@mail.com
brayden.saunders273@gmail.com,brayden.saunders273@gmail.com
braydenfernandez278@mail.com,braydenfernandez278@mail.com
brianna.arnold492@yahoo.com,brianna.arnold492@yahoo.com
brianna.powell323@yahoo.com,brianna.powell323@yahoo.com
brianna.savage307@yahoo.com,brianna.savage307@yahoo.com
brianna.stevenson591@yahoo.com,brianna.stevenson591@yahoo.com
briannahunter462@yahoo.com,briannahunter462@yahoo.com
briannariggs189@yahoo.com,briannariggs189@yahoo.com
bridges872@gmail.com,bridges872@gmail.com
bright643@yahoo.com,bright643@yahoo.com
brody.conley258@gmail.com,brody.conley258@gmail.com
brody.meadows217@gmail.com,brody.meadows217@gmail.com
brooklyn.brady487@mail.com,brooklyn.brady487@mail.com
brooklyn.mcmillan703@mail.com,brooklyn.mcmillan703@mail.com
brooklynbriggs829@gmail.com,brooklynbriggs829@gmail.com
bryson.foley327@gmail.com,bryson.foley327@gmail.com
bryson.reeves425@mail.com,bryson.reeves425@mail.com
brysoncarroll470@yahoo.com,brysoncarroll470@yahoo.com
brysoncombs212@gmail.com,brysoncombs212@gmail.com
brysonguerrero527@mail.com,brysonguerrero527@mail.com
brysonlane184@yahoo.com,brysonlane184@yahoo.com
buchanan656@yahoo.com,buchanan656@yahoo.com
burks555@mail.com,burks555@mail.com
burns354@gmail.com,burns354@gmail.com
byers382@yahoo.com,byers382@yahoo.com
byrd236@gmail.com,byrd236@gmail.com
cabrera082@yahoo.com,cabrera082@yahoo.com
cabrera459@mail.com,cabrera459@mail.com
calderon140@yahoo.com,calderon140@yahoo.com
caleb.carrillo743@yahoo.com,caleb.carrillo743@yahoo.com
caleb.finch135@yahoo.com,caleb.finch135@yahoo.com
caleb.hood016@yahoo.com,caleb.hood016@yahoo.com
calhoun819@yahoo.com,calhoun819@yahoo.com
camacho382@gmail.com,camacho382@gmail.com
cameron.walls576@mail.com,cameron.walls576@mail.com
cameroncash577@yahoo.com,cameroncash577@yahoo.com
cameronmyers148@yahoo.com,cameronmyers148@yahoo.com
camila.reyes482@yahoo.com,camila.reyes482@yahoo.com
camilamaynard790@gmail.com,camilamaynard790@gmail.com
camilaperry293@yahoo.com,camilaperry293@yahoo.com
cannon298@yahoo.com,cannon298@yahoo.com
cardenas262@yahoo.com,cardenas262@yahoo.com
cardenas300@mail.com,cardenas300@mail.com
carlos.horton685@yahoo.com,carlos.horton685@yahoo.com
carlos.pacheco534@mail.com,carlos.pacheco534@mail.com
carlostanner677@yahoo.com,carlostanner677@yahoo.com
caroline.bowers392@mail.com,caroline.bowers392@mail.com
caroline.cross688@yahoo.com,caroline.cross688@yahoo.com
caroline.knowles188@gmail.com,caroline.knowles188@gmail.com
carrillo059@gmail.com,carrillo059@gmail.com
carson.marquez382@gmail.com,carson.marquez382@gmail.com
carsonholland785@mail.com,carsonholland785@mail.com
carsonpatton038@yahoo.com,carsonpatton038@yahoo.com
carsonriggs868@gmail.com,carsonriggs868@gmail.com
carter.estrada849@mail.com,carter.estrada849@mail.com
carter.morton391@mail.com,carter.morton391@mail.com
carter447@mail.com,carter447@mail.com
cartercarpenter602@yahoo.com,cartercarpenter602@yahoo.com
carterdoyle543@gmail.com,carterdoyle543@gmail.com
case388@yahoo.com,case388@yahoo.com
castaneda485@mail.com,castaneda485@mail.com
castillo025@yahoo.com,castillo025@yahoo.com
castro541@mail.com,castro541@mail.com
chan299@mail.com,chan299@mail.com
chandler353@yahoo.com,chandler353@yahoo.com
charles.dean021@yahoo.com,charles.dean021@yahoo.com
charles.kent674@mail.com,charles.kent674@mail.com
charles.randolph695@mail.com,charles.randolph695@mail.com
charlesbradshaw010@gmail.com,charlesbradshaw010@gmail.com
charlesdeleon638@gmail.com,charlesdeleon638@gmail.com
charlesgardner307@yahoo.com,charlesgardner307@yahoo.com
charlesmcintyre534@gmail.com,charlesmcintyre534@gmail.com
charlotte.lynn390@yahoo.com,charlotte.lynn390@yahoo.com
charlotte.paul699@mail.com,charlotte.paul699@mail.com
charlotte.sanchez076@gmail.com,charlotte.sanchez076@gmail.com
charlotte.schroeder518@yahoo.com,charlotte.schroeder518@yahoo.com
charlottesanders420@gmail.com,charlottesanders420@gmail.com
chase.nguyen892@yahoo.com,chase.nguyen892@yahoo.com
chasedean675@yahoo.com,chasedean675@yahoo.com
chasesilva076@yahoo.com,chasesilva076@yahoo.com
chasewilcox677@mail.com,chasewilcox677@mail.com
chavez119@gmail.com,chavez119@gmail.com
chen068@gmail.com,chen068@gmail.com
chloe.avery258@mail.com,chloe.avery258@mail.com
chloe.dejesus011@yahoo.com,chloe.dejesus011@yahoo.com
chloe.guthrie199@yahoo.com,chloe.guthrie199@yahoo.com
chloe.maldonado347@yahoo.com,chloe.maldonado347@yahoo.com
christian.carey712@gmail.com,christian.carey712@gmail.com
christian.hess782@mail.com,christian.hess782@mail.com
christian.munoz758@yahoo.com,christian.munoz758@yahoo.com
christian.sharp337@mail.com,christian.sharp337@mail.com
christianhenderson246@gmail.com,christianhenderson246@gmail.com
christopher.henderson375@gmail.com,christopher.henderson375@gmail.com
christopher.leach028@mail.com,christopher.leach028@mail.com
christopherhorne054@yahoo.com,christopherhorne054@yahoo.com
claire.aguirre583@gmail.com,claire.aguirre583@gmail.com
claire.booth839@mail.com,claire.booth839@mail.com
clairetaylor818@yahoo.com,clairetaylor818@yahoo.com
clay733@gmail.com,clay733@gmail.com
clayton467@gmail.com,clayton467@gmail.com
cochran012@yahoo.com,cochran012@yahoo.com
cohen853@mail.com,cohen853@mail.com
cole015@yahoo.com,cole015@yahoo.com
cole502@gmail.com,cole502@gmail.com
cole709@gmail.com,cole709@gmail.com
colton.galloway477@yahoo.com,colton.galloway477@yahoo.com
coltonmelendez309@gmail.com,coltonmelendez309@gmail.com
connor.chase694@mail.com,connor.chase694@mail.com
connor.jensen816@yahoo.com,connor.jensen816@yahoo.com
connor.moreno569@yahoo.com,connor.moreno569@yahoo.com
connorbrowning266@gmail.com,connorbrowning266@gmail.com
connorpratt329@mail.com,connorpratt329@mail.com
cooke498@mail.com,cooke498@mail.com
cooper.macias438@mail.com,cooper.macias438@mail.com
cooper.vaughan400@gmail.com,cooper.vaughan400@gmail.com
cooperdonaldson362@gmail.com,cooperdonaldson362@gmail.com
cooperprince015@mail.com,cooperprince015@mail.com
copeland187@mail.com,copeland187@mail.com
cote329@gmail.com,cote329@gmail.com
cox016@mail.com,cox016@mail.com
cox539@yahoo.com,cox539@yahoo.com
craft874@mail.com,craft874@mail.com
craig425@yahoo.com,craig425@yahoo.com
crane479@yahoo.com,crane479@yahoo.com
cross683@gmail.com,cross683@gmail.com
cross858@mail.com,cross858@mail.com
cunningham461@yahoo.com,cunningham461@yahoo.com
curry170@mail.com,curry170@mail.com
curry850@mail.com,curry850@mail.com
damian.lucas295@mail.com,damian.lucas295@mail.com
damian.pittman860@gmail.com,damian.pittman860@gmail.com
damianduncan630@gmail.com,damianduncan630@gmail.com
damiankirkland150@yahoo.com,damiankirkland150@yahoo.com
damiantyler448@mail.com,damiantyler448@mail.com
daniel.frederick483@gmail.com,daniel.frederick483@gmail.com
daniel.oneil333@yahoo.com,daniel.oneil333@yahoo.com
daniel.wooten580@yahoo.com,daniel.wooten580@yahoo.com
danielalbert589@yahoo.com,danielalbert589@yahoo.com
danielgoff806@gmail.com,danielgoff806@gmail.com
danielhull649@yahoo.com,danielhull649@yahoo.com
daniels189@gmail.com,daniels189@gmail.com
daniels778@gmail.com,daniels778@gmail.com
davenport009@gmail.com,davenport009@gmail.com
david.sanford473@gmail.com,david.sanford473@gmail.com
david.vasquez573@gmail.com,david.vasquez573@gmail.com
davidgarrett402@mail.com,davidgarrett402@mail.com
davidhead088@yahoo.com,davidhead088@yahoo.com
davidmoody090@yahoo.com,davidmoody090@yahoo.com
davidsmall530@yahoo.com,davidsmall530@yahoo.com
deleon763@gmail.com,deleon763@gmail.com
dennis418@mail.com,dennis418@mail.com
diaz067@yahoo.com,diaz067@yahoo.com
diaz304@yahoo.com,diaz304@yahoo.com
dickerson485@yahoo.com,dickerson485@yahoo.com
dickson523@yahoo.com,dickson523@yahoo.com
dominic.luna634@mail.com,dominic.luna634@mail.com
dominicbonner843@mail.com,dominicbonner843@mail.com
donaldson209@gmail.com,donaldson209@gmail.com
donovan767@yahoo.com,donovan767@yahoo.com
dorsey591@mail.com,dorsey591@mail.com
dorsey879@yahoo.com,dorsey879@yahoo.com
douglas019@mail.com,douglas019@mail.com
douglas157@yahoo.com,douglas157@yahoo.com
downs170@yahoo.com,downs170@yahoo.com
downs497@yahoo.com,downs497@yahoo.com
dylan.fry819@yahoo.com,dylan.fry819@yahoo.com
dylanday895@mail.com,dylanday895@mail.com
dylangoodwin223@gmail.com,dylangoodwin223@gmail.com
dylanmorris322@yahoo.com,dylanmorris322@yahoo.com
dylanskinner376@gmail.com,dylanskinner376@gmail.com
easton.garrison525@gmail.com,easton.garrison525@gmail.com
eastondrake196@mail.com,eastondrake196@mail.com
eastonfry125@gmail.com,eastonfry125@gmail.com
eastonlynch743@mail.com,eastonlynch743@mail.com
eastonsolomon171@mail.com,eastonsolomon171@mail.com
eastonterry623@mail.com,eastonterry623@mail.com
elijah.buchanan035@mail.com,elijah.buchanan035@mail.com
elivargas079@mail.com,elivargas079@mail.com
elizabeth.bell768@yahoo.com,elizabeth.bell768@yahoo.com
elizabeth.cabrera233@yahoo.com,elizabeth.cabrera233@yahoo.com
elizabethglass358@yahoo.com,elizabethglass358@yahoo.com
elizabethnixon856@mail.com,elizabethnixon856@mail.com
elizabethwillis248@gmail.com,elizabethwillis248@gmail.com
ella.frederick324@yahoo.com,ella.frederick324@yahoo.com
ella.hester310@mail.com,ella.hester310@mail.com
ella.mcleod761@mail.com,ella.mcleod761@mail.com
ella.morris449@gmail.com,ella.morris449@gmail.com
ella.yates281@gmail.com,ella.yates281@gmail.com
ellie.burke250@gmail.com,ellie.burke250@gmail.com
ellie.fletcher181@gmail.com,ellie.fletcher181@gmail.com
ellieconway037@mail.com,ellieconway037@mail.com
ellielawson817@mail.com,ellielawson817@mail.com
elliestevens672@yahoo.com,elliestevens672@yahoo.com
emilyluna750@mail.com,emilyluna750@mail.com
emma.bentley598@yahoo.com,emma.bentley598@yahoo.com
emma.randall300@mail.com,emma.randall300@mail.com
emmacamacho712@gmail.com,emmacamacho712@gmail.com
emmaholder571@yahoo.com,emmaholder571@yahoo.com
emmatate371@yahoo.com,emmatate371@yahoo.com
english593@gmail.com,english593@gmail.com
espinoza453@yahoo.com,espinoza453@yahoo.com
ethan.bailey654@mail.com,ethan.bailey654@mail.com
ethan.christensen590@gmail.com,ethan.christensen590@gmail.com
ethanmullen210@mail.com,ethanmullen210@mail.com
ethanreynolds156@mail.com,ethanreynolds156@mail.com
ethansuarez422@gmail.com,ethansuarez422@gmail.com
eva.anthony320@yahoo.com,eva.anthony320@yahoo.com
evan.anderson637@gmail.com,evan.anderson637@gmail.com
evan.cherry552@gmail.com,evan.cherry552@gmail.com
evan.stafford008@yahoo.com,evan.stafford008@yahoo.com
evanashley451@gmail.com,evanashley451@gmail.com
evanduncan126@gmail.com,evanduncan126@gmail.com
evanrodriquez745@yahoo.com,evanrodriquez745@yahoo.com
evanyang759@mail.com,evanyang759@mail.com
evelyn.gilliam272@mail.com,evelyn.gilliam272@mail.com
evelyn.jacobson572@gmail.com,evelyn.jacobson572@gmail.com
evelyn.rosales468@mail.com,evelyn.rosales468@mail.com
faith.lang655@mail.com,faith.lang655@mail.com
faithhumphrey853@mail.com,faithhumphrey853@mail.com
faithirwin793@mail.com,faithirwin793@mail.com
faithorr441@mail.com,faithorr441@mail.com
faiththornton053@mail.com,faiththornton053@mail.com
farley657@mail.com,farley657@mail.com
fields354@yahoo.com,fields354@yahoo.com
figueroa640@yahoo.com,figueroa640@yahoo.com
finley363@gmail.com,finley363@gmail.com
fleming871@gmail.com,fleming871@gmail.com
flores869@yahoo.com,flores869@yahoo.com
forbes093@gmail.com,forbes093@gmail.com
foreman031@mail.com,foreman031@mail.com
fox610@gmail.com,fox610@gmail.com
fox706@mail.com,fox706@mail.com
franks306@gmail.com,franks306@gmail.com
franks802@mail.com,franks802@mail.com
frazier261@yahoo.com,frazier261@yahoo.com
frye540@gmail.com,frye540@gmail.com
fuller241@yahoo.com,fuller241@yahoo.com
fuller326@mail.com,fuller326@mail.com
gabriel.rice342@gmail.com,gabriel.rice342@gmail.com
gabrielhale457@mail.com,gabrielhale457@mail.com
gabriella.castaneda401@yahoo.com,gabriella.castaneda401@yahoo.com
gabriella.lara658@mail.com,gabriella.lara658@mail.com
gabriella.serrano778@yahoo.com,gabriella.serrano778@yahoo.com
gabriella.wilkerson470@gmail.com,gabriella.wilkerson470@gmail.com
gabriellashields182@gmail.com,gabriellashields182@gmail.com
gabrielroman584@yahoo.com,gabrielroman584@yahoo.com
garcia599@mail.com,garcia599@mail.com
garner537@yahoo.com,garner537@yahoo.com
gavin.larsen158@yahoo.com,gavin.larsen158@yahoo.com
gavin.sweet152@yahoo.com,gavin.sweet152@yahoo.com
gavin.wyatt079@gmail.com,gavin.wyatt079@gmail.com
gavinbeard849@yahoo.com,gavinbeard849@yahoo.com
gavincote377@mail.com,gavincote377@mail.com
gay067@yahoo.com,gay067@yahoo.com
gay856@yahoo.com,gay856@yahoo.com
genesis.grimes140@yahoo.com,genesis.grimes140@yahoo.com
genesis.kirby298@gmail.com,genesis.kirby298@gmail.com
genesis.preston217@yahoo.com,genesis.preston217@yahoo.com
genesisburton768@yahoo.com,genesisburton768@yahoo.com
genesisfitzgerald354@mail.com,genesisfitzgerald354@mail.com
george568@yahoo.com,george568@yahoo.com
gianna.schwartz177@gmail.com,gianna.schwartz177@gmail.com
gianna.west038@yahoo.com,gianna.west038@yahoo.com
giannabooth458@gmail.com,giannabooth458@gmail.com
giannafrazier601@mail.com,giannafrazier601@mail.com
giannahorton711@mail.com,giannahorton711@mail.com
gillespie027@gmail.com,gillespie027@gmail.com
gilliam496@yahoo.com,gilliam496@yahoo.com
gilliam687@yahoo.com,gilliam687@yahoo.com
gilmore024@gmail.com,gilmore024@gmail.com
glass201@mail.com,glass201@mail.com
glenn231@gmail.com,glenn231@gmail.com
gonzales060@mail.com,gonzales060@mail.com
gonzalez038@gmail.com,gonzalez038@gmail.com
goodwin265@yahoo.com,goodwin265@yahoo.com
gordon706@yahoo.com,gordon706@yahoo.com
grace.rice212@yahoo.com,grace.rice212@yahoo.com
graceabbott710@gmail.com,graceabbott710@gmail.com
gracehale545@mail.com,gracehale545@mail.com
graham587@gmail.com,graham587@gmail.com
grant766@yahoo.com,grant766@yahoo.com
graves131@mail.com,graves131@mail.com
graves317@yahoo.com,graves317@yahoo.com
graves685@gmail.com,graves685@gmail.com
graves843@yahoo.com,graves843@yahoo.com
grayson.french004@gmail.com,grayson.french004@gmail.com
grayson.watson558@mail.com,grayson.watson558@mail.com
graysonpage499@yahoo.com,graysonpage499@yahoo.com
graysonwelch353@yahoo.com,graysonwelch353@yahoo.com
green124@mail.com,green124@mail.com
griffith824@gmail.com,griffith824@gmail.com
guerra288@gmail.com,guerra288@gmail.com
guy678@gmail.com,guy678@gmail.com
hailey.francis710@mail.com,hailey.francis710@mail.com
hailey.galloway773@yahoo.com,hailey.galloway773@yahoo.com
hailey.mitchell370@gmail.com,hailey.mitchell370@gmail.com
haileygarrison874@mail.com,haileygarrison874@mail.com
haileyglass521@mail.com,haileyglass521@mail.com
haileyleblanc039@gmail.com,haileyleblanc039@gmail.com
haileypruitt105@yahoo.com,haileypruitt105@yahoo.com
hale049@gmail.com,hale049@gmail.com
haley630@gmail.com,haley630@gmail.com
hancock809@mail.com,hancock809@mail.com
haney129@gmail.com,haney129@gmail.com
hannah.erickson357@mail.com,hannah.erickson357@mail.com
hannahbuckley530@gmail.com,hannahbuckley530@gmail.com
hannahhutchinson455@gmail.com,hannahhutchinson455@gmail.com
hannahrosa766@mail.com,hannahrosa766@mail.com
hannahwalls228@gmail.com,hannahwalls228@gmail.com
hanson633@mail.com,hanson633@mail.com
hanson834@yahoo.com,hanson834@yahoo.com
harding571@yahoo.com,harding571@yahoo.com
harding764@gmail.com,harding764@gmail.com
harmon620@yahoo.com,harmon620@yahoo.com
harper.newton436@yahoo.com,harper.newton436@yahoo.com
harper.tillman097@mail.com,harper.tillman097@mail.com
harperhammond765@mail.com,harperhammond765@mail.com
harperrichards271@yahoo.com,harperrichards271@yahoo.com
harperrussell490@mail.com,harperrussell490@mail.com
harrell504@yahoo.com,harrell504@yahoo.com
hartman185@yahoo.com,hartman185@yahoo.com
hayes317@mail.com,hayes317@mail.com
haynes459@mail.com,haynes459@mail.com
hendricks036@yahoo.com,hendricks036@yahoo.com
henryfuentes192@gmail.com,henryfuentes192@gmail.com
henrypitts131@mail.com,henrypitts131@mail.com
henson701@yahoo.com,henson701@yahoo.com
herman459@gmail.com,herman459@gmail.com
herring028@mail.com,herring028@mail.com
hickman094@gmail.com,hickman094@gmail.com
hickman379@gmail.com,hickman379@gmail.com
hinton185@yahoo.com,hinton185@yahoo.com
hogan671@yahoo.com,hogan671@yahoo.com
holcomb198@mail.com,holcomb198@mail.com
horne822@gmail.com,horne822@gmail.com
howard331@gmail.com,howard331@gmail.com
huber837@gmail.com,huber837@gmail.com
hudson.tanner400@mail.com,hudson.tanner400@mail.com
hudsonholman606@yahoo.com,hudsonholman606@yahoo.com
hull389@mail.com,hull389@mail.com
hunter.hardy505@yahoo.com,hunter.hardy505@yahoo.com
hunter.moreno638@gmail.com,hunter.moreno638@gmail.com
huntersalinas418@gmail.com,huntersalinas418@gmail.com
hutchinson222@gmail.com,hutchinson222@gmail.com
ian.patton023@gmail.com,ian.patton023@gmail.com
isaac.chase651@yahoo.com,isaac.chase651@yahoo.com
isabella.miles483@gmail.com,isabella.miles483@gmail.com
isabella.witt209@mail.com,isabella.witt209@mail.com
isabellaferrell820@yahoo.com,isabellaferrell820@yahoo.com
isabellagarrison068@yahoo.com,isabellagarrison068@yahoo.com
isabellahatfield676@gmail.com,isabellahatfield676@gmail.com
isaiah.hart619@mail.com,isaiah.hart619@mail.com
isaiah.navarro081@gmail.com,isaiah.navarro081@gmail.com
isaiahgilbert212@mail.com,isaiahgilbert212@mail.com
isaiahholloway851@yahoo.com,isaiahholloway851@yahoo.com
isaiahkinney072@gmail.com,isaiahkinney072@gmail.com
isaiahowen598@yahoo.com,isaiahowen598@yahoo.com
isaiahsweet172@gmail.com,isaiahsweet172@gmail.com
jace.mayo232@mail.com,jace.mayo232@mail.com
jace.monroe094@gmail.com,jace.monroe094@gmail.com
jaceharrington580@mail.com,jaceharrington580@mail.com
jacekeith341@mail.com,jacekeith341@mail.com
jacele225@gmail.com,jacele225@gmail.com
jack.rivera043@mail.com,jack.rivera043@mail.com
jackmitchell648@yahoo.com,jackmitchell648@yahoo.com
jackson.dyer139@gmail.com,jackson.dyer139@gmail.com
jackson.jensen868@gmail.com,jackson.jensen868@gmail.com
jackson.vazquez428@yahoo.com,jackson.vazquez428@yahoo.com
jacksoncharles022@gmail.com,jacksoncharles022@gmail.com
jacksonkeller596@gmail.com,jacksonkeller596@gmail.com
jacktillman009@gmail.com,jacktillman009@gmail.com
jacob.montoya182@yahoo.com,jacob.montoya182@yahoo.com
jacob.paul530@yahoo.com,jacob.paul530@yahoo.com
jacob.pierce724@gmail.com,jacob.pierce724@gmail.com
jacobcox697@yahoo.com,jacobcox697@yahoo.com
jacobson704@mail.com,jacobson704@mail.com
james.sweeney343@yahoo.com,james.sweeney343@yahoo.com
jamesterrell328@mail.com,jamesterrell328@mail.com
jarvis408@mail.com,jarvis408@mail.com
jasmine.ortiz781@mail.com,jasmine.ortiz781@mail.com
jasminebeck242@mail.com,jasminebeck242@mail.com
jason.ford577@yahoo.com,jason.ford577@yahoo.com
jaxoncase080@yahoo.com,jaxoncase080@yahoo.com
jaxonflynn550@yahoo.com,jaxonflynn550@yahoo.com
jaxonstewart590@gmail.com,jaxonstewart590@gmail.com
jaxonweaver491@mail.com,jaxonweaver491@mail.com
jayden.hughes199@mail.com,jayden.hughes199@mail.com
jayden.rodgers499@gmail.com,jayden.rodgers499@gmail.com
jaydensweet588@yahoo.com,jaydensweet588@yahoo.com
jennings340@yahoo.com,jennings340@yahoo.com
jeremiah.atkinson541@gmail.com,jeremiah.atkinson541@gmail.com
jeremiah.ellison620@mail.com,jeremiah.ellison620@mail.com
jeremiahodom761@mail.com,jeremiahodom761@mail.com
jeremiahroth449@yahoo.com,jeremiahroth449@yahoo.com
jocelyn.albert459@gmail.com,jocelyn.albert459@gmail.com
jocelyn.prince575@gmail.com,jocelyn.prince575@gmail.com
jocelyn.thomas101@yahoo.com,jocelyn.thomas101@yahoo.com
jocelyn.weeks150@gmail.com,jocelyn.weeks150@gmail.com
jocelyn.wright226@gmail.com,jocelyn.wright226@gmail.com
jocelynberry772@mail.com,jocelynberry772@mail.com
jocelynhensley874@gmail.com,jocelynhensley874@gmail.com
jocelynmontoya326@mail.com,jocelynmontoya326@mail.com
john.steele828@yahoo.com,john.steele828@yahoo.com
johncantrell585@yahoo.com,johncantrell585@yahoo.com
johncherry128@gmail.com,johncherry128@gmail.com
johngay547@yahoo.com,johngay547@yahoo.com
johnortega045@yahoo.com,johnortega045@yahoo.com
johns342@gmail.com,johns342@gmail.com
johns348@gmail.com,johns348@gmail.com
johnsharp115@mail.com,johnsharp115@mail.com
johnson755@gmail.com,johnson755@gmail.com
johnwiggins847@yahoo.com,johnwiggins847@yahoo.com
jonathan.estes165@mail.com,jonathan.estes165@mail.com
jonathan.hernandez508@yahoo.com,jonathan.hernandez508@yahoo.com
jonathan.sexton806@yahoo.com,jonathan.sexton806@yahoo.com
jonathanbarber278@yahoo.com,jonathanbarber278@yahoo.com
jonathanherrera095@mail.com,jonathanherrera095@mail.com
jonathanlarson856@gmail.com,jonathanlarson856@gmail.com
jordan.ryan855@yahoo.com,jordan.ryan855@yahoo.com
jordanberry817@yahoo.com,jordanberry817@yahoo.com
jordanmendez111@mail.com,jordanmendez111@mail.com
jose.hooper618@yahoo.com,jose.hooper618@yahoo.com
jose.noble498@yahoo.com,jose.noble498@yahoo.com
jose.suarez715@yahoo.com,jose.suarez715@yahoo.com
joseanthony503@gmail.com,joseanthony503@gmail.com
josemurray100@yahoo.com,josemurray100@yahoo.com
josenielsen674@yahoo.com,josenielsen674@yahoo.com
joseph.blanchard674@yahoo.com,joseph.blanchard674@yahoo.com
joseph.cohen691@gmail.com,joseph.cohen691@gmail.com
josephblake124@yahoo.com,josephblake124@yahoo.com
josephbolton632@gmail.com,josephbolton632@gmail.com
josephbrennan392@gmail.com,josephbrennan392@gmail.com
josephpennington190@yahoo.com,josephpennington190@yahoo.com
josephpetersen840@mail.com,josephpetersen840@mail.com
josephphillips720@mail.com,josephphillips720@mail.com
josephwilkins521@mail.com,josephwilkins521@mail.com
josepotts625@yahoo.com,josepotts625@yahoo.com
joshua.alford536@yahoo.com,joshua.alford536@yahoo.com
joshuacarson486@yahoo.com,joshuacarson486@yahoo.com
joshuachapman124@mail.com,joshuachapman124@mail.com
joshuacook428@gmail.com,joshuacook428@gmail.com
joshualambert855@yahoo.com,joshualambert855@yahoo.com
joshuamayer041@yahoo.com,joshuamayer041@yahoo.com
josiah.randolph363@mail.com,josiah.randolph363@mail.com
josiahcameron741@gmail.com,josiahcameron741@gmail.com
joyner171@gmail.com,joyner171@gmail.com
juan.alvarez198@yahoo.com,juan.alvarez198@yahoo.com
juan.bowen702@mail.com,juan.bowen702@mail.com
juan.rojas134@mail.com,juan.rojas134@mail.com
juanharrington542@mail.com,juanharrington542@mail.com
juanparsons681@mail.com,juanparsons681@mail.com
juarez837@yahoo.com,juarez837@yahoo.com
julia.livingston617@gmail.com,julia.livingston617@gmail.com
julia.schneider760@yahoo.com,julia.schneider760@yahoo.com
julianedwards746@mail.com,julianedwards746@mail.com
julianfisher592@gmail.com,julianfisher592@gmail.com
julianglover386@yahoo.com,julianglover386@yahoo.com
julianharper354@yahoo.com,julianharper354@yahoo.com
julianjackson357@mail.com,julianjackson357@mail.com
julianlyons331@yahoo.com,julianlyons331@yahoo.com
julianperez134@gmail.com,julianperez134@gmail.com
justin.merrill375@mail.com,justin.merrill375@mail.com
justin.weeks289@gmail.com,justin.weeks289@gmail.com
justindunn041@yahoo.com,justindunn041@yahoo.com
justinlindsey124@yahoo.com,justinlindsey124@yahoo.com
justinparrish361@yahoo.com,justinparrish361@yahoo.com
kane884@yahoo.com,kane884@yahoo.com
katherine.garcia010@yahoo.com,katherine.garcia010@yahoo.com
katherine.knox409@gmail.com,katherine.knox409@gmail.com
katherineholder788@mail.com,katherineholder788@mail.com
katherinemccarty724@mail.com,katherinemccarty724@mail.com
kaydenwalls079@mail.com,kaydenwalls079@mail.com
kayla.foreman831@gmail.com,kayla.foreman831@gmail.com
kayla.gibson303@yahoo.com,kayla.gibson303@yahoo.com
kayla.ramos190@mail.com,kayla.ramos190@mail.com
kayla.stewart680@yahoo.com,kayla.stewart680@yahoo.com
kaylabauer151@mail.com,kaylabauer151@mail.com
kaylacameron539@yahoo.com,kaylacameron539@yahoo.com
kaylacontreras656@mail.com,kaylacontreras656@mail.com
kaylawarner214@yahoo.com,kaylawarner214@yahoo.com
kayleebailey674@gmail.com,kayleebailey674@gmail.com
keith269@gmail.com,keith269@gmail.com
kennedy.cannon796@yahoo.com,kennedy.cannon796@yahoo.com
kennedyvelez130@gmail.com,kennedyvelez130@gmail.com
kent614@yahoo.com,kent614@yahoo.com
kevin.guthrie866@yahoo.com,kevin.guthrie866@yahoo.com
kevinbauer026@yahoo.com,kevinbauer026@yahoo.com
kevinvinson102@yahoo.com,kevinvinson102@yahoo.com
key020@yahoo.com,key020@yahoo.com
key207@mail.com,key207@mail.com
key538@yahoo.com,key538@yahoo.com
khloekirk590@gmail.com,khloekirk590@gmail.com
khloerodriquez418@yahoo.com,khloerodriquez418@yahoo.com
kidd346@gmail.com,kidd346@gmail.com
kimberly.blevins625@mail.com,kimberly.blevins625@mail.com
kimberlykirk763@mail.com,kimberlykirk763@mail.com
kimberlyrobbins128@yahoo.com,kimberlyrobbins128@yahoo.com
king518@mail.com,king518@mail.com
kirby102@yahoo.com,kirby102@yahoo.com
kirkland626@mail.com,kirkland626@mail.com
klein237@mail.com,klein237@mail.com
klein757@gmail.com,klein757@gmail.com
knowles282@gmail.com,knowles282@gmail.com
kylie.fletcher435@mail.com,kylie.fletcher435@mail.com
kyliecobb726@yahoo.com,kyliecobb726@yahoo.com
kyliehumphrey171@mail.com,kyliehumphrey171@mail.com
lambert404@gmail.com,lambert404@gmail.com
landon.kim247@mail.com,landon.kim247@mail.com
langley471@gmail.com,langley471@gmail.com
lara021@yahoo.com,lara021@yahoo.com
larsen434@yahoo.com,larsen434@yahoo.com
laurenclemons466@mail.com,laurenclemons466@mail.com
laurenhatfield866@mail.com,laurenhatfield866@mail.com
laurenmccoy424@gmail.com,laurenmccoy424@gmail.com
laurenrodriguez540@mail.com,laurenrodriguez540@mail.com
layla.dillard126@yahoo.com,layla.dillard126@yahoo.com
layla.mosley796@mail.com,layla.mosley796@mail.com
laylaacosta116@mail.com,laylaacosta116@mail.com
le214@mail.com,le214@mail.com
leah.lindsey880@gmail.com,leah.lindsey880@gmail.com
leah.rich128@mail.com,leah.rich128@mail.com
leonard475@mail.com,leonard475@mail.com
levi.chapman761@mail.com,levi.chapman761@mail.com
levi.reed630@yahoo.com,levi.reed630@yahoo.com
leviburnett117@gmail.com,leviburnett117@gmail.com
levicruz824@gmail.com,levicruz824@gmail.com
levigibbs046@yahoo.com,levigibbs046@yahoo.com
liam.rich565@gmail.com,liam.rich565@gmail.com
liamalvarez108@gmail.com,liamalvarez108@gmail.com
liamdonovan218@mail.com,liamdonovan218@mail.com
lillian.moran529@gmail.com,lillian.moran529@gmail.com
lillian.sampson442@yahoo.com,lillian.sampson442@yahoo.com
lillianburch071@yahoo.com,lillianburch071@yahoo.com
lillianstephenson090@gmail.com,lillianstephenson090@gmail.com
lillianweeks274@yahoo.com,lillianweeks274@yahoo.com
lillianwong600@yahoo.com,lillianwong600@yahoo.com
lily.tyler004@mail.com,lily.tyler004@mail.com
lilyyork460@mail.com,lilyyork460@mail.com
lindsay072@gmail.com,lindsay072@gmail.com
lindsey026@gmail.com,lindsey026@gmail.com
lloyd350@mail.com,lloyd350@mail.com
loganbernard007@yahoo.com,loganbernard007@yahoo.com
logandudley863@gmail.com,logandudley863@gmail.com
loganpreston130@yahoo.com,loganpreston130@yahoo.com
london.pratt335@gmail.com,london.pratt335@gmail.com
londoncervantes130@gmail.com,londoncervantes130@gmail.com
londonclements477@mail.com,londonclements477@mail.com
lowe211@yahoo.com,lowe211@yahoo.com
lucas.blanchard420@mail.com,lucas.blanchard420@mail.com
lucas.drake370@yahoo.com,lucas.drake370@yahoo.com
lucas.franklin262@mail.com,lucas.franklin262@mail.com
lucas.hernandez137@yahoo.com,lucas.hernandez137@yahoo.com
lucas529@yahoo.com,lucas529@yahoo.com
lucaslittle852@yahoo.com,lucaslittle852@yahoo.com
lucy.jarvis275@yahoo.com,lucy.jarvis275@yahoo.com
lucy.riddle230@mail.com,lucy.riddle230@mail.com
lucyhinton794@yahoo.com,lucyhinton794@yahoo.com
lucypatton386@yahoo.com,lucypatton386@yahoo.com
luis.barron423@yahoo.com,luis.barron423@yahoo.com
luis.francis384@gmail.com,luis.francis384@gmail.com
luis.justice044@yahoo.com,luis.justice044@yahoo.com
luis.walker488@yahoo.com,luis.walker488@yahoo.com
luisgill855@mail.com,luisgill855@mail.com
luisjohnson801@gmail.com,luisjohnson801@gmail.com
luismay845@mail.com,luismay845@mail.com
luissalazar167@gmail.com,luissalazar167@gmail.com
luisstephens303@yahoo.com,luisstephens303@yahoo.com
luke.blankenship245@gmail.com,luke.blankenship245@gmail.com
luke.sosa206@yahoo.com,luke.sosa206@yahoo.com
lydia.abbott277@mail.com,lydia.abbott277@mail.com
lydia.orr752@yahoo.com,lydia.orr752@yahoo.com
lydiaforbes736@gmail.com,lydiaforbes736@gmail.com
lydiahines207@gmail.com,lydiahines207@gmail.com
lydiaholloway536@mail.com,lydiaholloway536@mail.com
lydiakoch199@gmail.com,lydiakoch199@gmail.com
lydiapacheco168@yahoo.com,lydiapacheco168@yahoo.com
lynch052@yahoo.com,lynch052@yahoo.com
lynn083@yahoo.com,lynn083@yahoo.com
lyons775@gmail.com,lyons775@gmail.com
macias384@gmail.com,macias384@gmail.com
macias506@yahoo.com,macias506@yahoo.com
mack385@yahoo.com,mack385@yahoo.com
mackenzie.ford711@yahoo.com,mackenzie.ford711@yahoo.com
mackenziemoses245@gmail.com,mackenziemoses245@gmail.com
madden509@gmail.com,madden509@gmail.com
madeline.fuller840@mail.com,madeline.fuller840@mail.com
madelineestes116@mail.com,madelineestes116@mail.com
madelinemorin386@yahoo.com,madelinemorin386@yahoo.com
madelinepace245@gmail.com,madelinepace245@gmail.com
madelyn.osborne718@yahoo.com,madelyn.osborne718@yahoo.com
madelyncharles414@gmail.com,madelyncharles414@gmail.com
madelyncolon388@yahoo.com,madelyncolon388@yahoo.com
madelynfry374@yahoo.com,madelynfry374@yahoo.com
madelyngoodman248@yahoo.com,madelyngoodman248@yahoo.com
madelynrandolph103@yahoo.com,madelynrandolph103@yahoo.com
madison.hayden475@gmail.com,madison.hayden475@gmail.com
madison.huff800@yahoo.com,madison.huff800@yahoo.com
madisonbuck534@gmail.com,madisonbuck534@gmail.com
madisononeil798@mail.com,madisononeil798@mail.com
makayla.bishop583@gmail.com,makayla.bishop583@gmail.com
makayla.horn347@gmail.com,makayla.horn347@gmail.com
makaylabean515@mail.com,makaylabean515@mail.com
makaylabradshaw610@mail.com,makaylabradshaw610@mail.com
makaylafarley236@mail.com,makaylafarley236@mail.com
makaylasuarez468@mail.com,makaylasuarez468@mail.com
maldonado600@yahoo.com,maldonado600@yahoo.com
malone197@gmail.com,malone197@gmail.com
malone399@gmail.com,malone399@gmail.com
marquez058@gmail.com,marquez058@gmail.com
marquez543@gmail.com,marquez543@gmail.com
marquez647@yahoo.com,marquez647@yahoo.com
marsh012@gmail.com,marsh012@gmail.com
mason.atkins878@yahoo.com,mason.atkins878@yahoo.com
mason.good211@gmail.com,mason.good211@gmail.com
mason.guthrie077@yahoo.com,mason.guthrie077@yahoo.com
mason431@yahoo.com,mason431@yahoo.com
masonmatthews229@mail.com,masonmatthews229@mail.com
massey212@gmail.com,massey212@gmail.com
mathis208@mail.com,mathis208@mail.com
matthew.rhodes554@gmail.com,matthew.rhodes554@gmail.com
matthews207@gmail.com,matthews207@gmail.com
matthewstone743@yahoo.com,matthewstone743@yahoo.com
maxwell078@mail.com,maxwell078@mail.com
maya.conner076@gmail.com,maya.conner076@gmail.com
maya.griffith617@mail.com,maya.griffith617@mail.com
mayamacdonald573@yahoo.com,mayamacdonald573@yahoo.com
maynard708@gmail.com,maynard708@gmail.com
mayo432@gmail.com,mayo432@gmail.com
mayo871@mail.com,mayo871@mail.com
mcbride046@yahoo.com,mcbride046@yahoo.com
mccall864@gmail.com,mccall864@gmail.com
mccormick220@mail.com,mccormick220@mail.com
mccoy194@mail.com,mccoy194@mail.com
mcdowell688@yahoo.com,mcdowell688@yahoo.com
mcfadden289@yahoo.com,mcfadden289@yahoo.com
mcgee299@mail.com,mcgee299@mail.com
mcguire884@mail.com,mcguire884@mail.com
mcintosh137@yahoo.com,mcintosh137@yahoo.com
mcintyre736@gmail.com,mcintyre736@gmail.com
mcmillan589@mail.com,mcmillan589@mail.com
meadows809@yahoo.com,meadows809@yahoo.com
medina680@mail.com,medina680@mail.com
medina723@gmail.com,medina723@gmail.com
melanie.lester312@gmail.com,melanie.lester312@gmail.com
melanie.newman611@yahoo.com,melanie.newman611@yahoo.com
melaniefulton537@yahoo.com,melaniefulton537@yahoo.com
melaniemcgee169@gmail.com,melaniemcgee169@gmail.com
melton693@yahoo.com,melton693@yahoo.com
mendez677@gmail.com,mendez677@gmail.com
mercer601@gmail.com,mercer601@gmail.com
mercer771@mail.com,mercer771@mail.com
merrill665@yahoo.com,merrill665@yahoo.com
merritt878@yahoo.com,merritt878@yahoo.com
meyers353@mail.com,meyers353@mail.com
miaanderson272@mail.com,miaanderson272@mail.com
mianewman066@mail.com,mianewman066@mail.com
mianolan673@mail.com,mianolan673@mail.com
miapickett593@mail.com,miapickett593@mail.com
michael.french294@yahoo.com,michael.french294@yahoo.com
michael.morrison844@mail.com,michael.morrison844@mail.com
michael.nixon798@gmail.com,michael.nixon798@gmail.com
michael.pittman317@mail.com,michael.pittman317@mail.com
michaelgould451@gmail.com,michaelgould451@gmail.com
miranda448@gmail.com,miranda448@gmail.com
molina160@yahoo.com,molina160@yahoo.com
molly.barnett384@yahoo.com,molly.barnett384@yahoo.com
molly.craig507@yahoo.com,molly.craig507@yahoo.com
molly.soto164@mail.com,molly.soto164@mail.com
montgomery850@yahoo.com,montgomery850@yahoo.com
montoya157@yahoo.com,montoya157@yahoo.com
moody889@mail.com,moody889@mail.com
moore620@gmail.com,moore620@gmail.com
morales309@gmail.com,morales309@gmail.com
morgan.landry407@gmail.com,morgan.landry407@gmail.com
morganfischer181@yahoo.com,morganfischer181@yahoo.com
morganrichard677@gmail.com,morganrichard677@gmail.com
morris313@yahoo.com,morris313@yahoo.com
morris598@yahoo.com,morris598@yahoo.com
morrison334@gmail.com,morrison334@gmail.com
morrow384@yahoo.com,morrow384@yahoo.com
moses525@yahoo.com,moses525@yahoo.com
moses671@mail.com,moses671@mail.com
murphy204@yahoo.com,murphy204@yahoo.com
naomi.cohen129@yahoo.com,naomi.cohen129@yahoo.com
naomi.maldonado320@yahoo.com,naomi.maldonado320@yahoo.com
naomi.sweeney878@mail.com,naomi.sweeney878@mail.com
naomipetty013@yahoo.com,naomipetty013@yahoo.com
nash323@mail.com,nash323@mail.com
nash895@gmail.com,nash895@gmail.com
natalie.benton096@gmail.com,natalie.benton096@gmail.com
nataliele660@mail.com,nataliele660@mail.com
nathan.bennett025@yahoo.com,nathan.bennett025@yahoo.com
nathan.browning630@gmail.com,nathan.browning630@gmail.com
nathan.sellers253@mail.com,nathan.sellers253@mail.com
nathancochran620@gmail.com,nathancochran620@gmail.com
nathanmarsh436@yahoo.com,nathanmarsh436@yahoo.com
nathanwright794@yahoo.com,nathanwright794@yahoo.com
nelson406@gmail.com,nelson406@gmail.com
nevaeh.hale398@mail.com,nevaeh.hale398@mail.com
nevaehhuff354@yahoo.com,nevaehhuff354@yahoo.com
nevaehmeyers125@mail.com,nevaehmeyers125@mail.com
nevaehperez414@mail.com,nevaehperez414@mail.com
nicholas.allison559@gmail.com,nicholas.allison559@gmail.com
nicholas.caldwell139@mail.com,nicholas.caldwell139@mail.com
nicholasbeach517@mail.com,nicholasbeach517@mail.com
nicholson170@mail.com,nicholson170@mail.com
nielsen613@yahoo.com,nielsen613@yahoo.com
noah.best047@mail.com,noah.best047@mail.com
noah.bush233@mail.com,noah.bush233@mail.com
noah.hunt033@yahoo.com,noah.hunt033@yahoo.com
noah.wilcox520@gmail.com,noah.wilcox520@gmail.com
noahchaney650@gmail.com,noahchaney650@gmail.com
nolan.callahan535@mail.com,nolan.callahan535@mail.com
nolanobrien574@yahoo.com,nolanobrien574@yahoo.com
norton548@yahoo.com,norton548@yahoo.com
nunez445@mail.com,nunez445@mail.com
obrien331@mail.com,obrien331@mail.com
obrien764@gmail.com,obrien764@gmail.com
ochoa441@mail.com,ochoa441@mail.com
oconnor139@gmail.com,oconnor139@gmail.com
oliver.cote703@mail.com,oliver.cote703@mail.com
oliver.olson340@yahoo.com,oliver.olson340@yahoo.com
oliverhoward807@yahoo.com,oliverhoward807@yahoo.com
olivermoody069@yahoo.com,olivermoody069@yahoo.com
oliverwatkins837@gmail.com,oliverwatkins837@gmail.com
olivia.bryan584@mail.com,olivia.bryan584@mail.com
olivia.mccoy355@gmail.com,olivia.mccoy355@gmail.com
olivia.mckay259@yahoo.com,olivia.mckay259@yahoo.com
oliviaavila851@gmail.com,oliviaavila851@gmail.com
oliviachapman764@mail.com,oliviachapman764@mail.com
oliviagilmore585@yahoo.com,oliviagilmore585@yahoo.com
oliviahicks092@yahoo.com,oliviahicks092@yahoo.com
oliviahogan586@yahoo.com,oliviahogan586@yahoo.com
oliviaoneil651@mail.com,oliviaoneil651@mail.com
oliviazimmerman128@gmail.com,oliviazimmerman128@gmail.com
oneal057@mail.com,oneal057@mail.com
orr892@gmail.com,orr892@gmail.com
osborn103@gmail.com,osborn103@gmail.com
owen.mcdowell411@yahoo.com,owen.mcdowell411@yahoo.com
owen.melton003@mail.com,owen.melton003@mail.com
owen.petersen730@yahoo.com,owen.petersen730@yahoo.com
owen406@gmail.com,owen406@gmail.com
owen472@mail.com,owen472@mail.com
owenatkins317@mail.com,owenatkins317@mail.com
owenhooper862@yahoo.com,owenhooper862@yahoo.com
owens685@gmail.com,owens685@gmail.com
pace717@mail.com,pace717@mail.com
page492@gmail.com,page492@gmail.com
page573@gmail.com,page573@gmail.com
page885@mail.com,page885@mail.com
palmer339@yahoo.com,palmer339@yahoo.com
palmer406@yahoo.com,palmer406@yahoo.com
park481@mail.com,park481@mail.com
parker.mayer003@mail.com,parker.mayer003@mail.com
parker.pearson813@gmail.com,parker.pearson813@gmail.com
parker197@gmail.com,parker197@gmail.com
parkerbauer874@gmail.com,parkerbauer874@gmail.com
parrish026@mail.com,parrish026@mail.com
parrish651@yahoo.com,parrish651@yahoo.com
patel395@mail.com,patel395@mail.com
patrick341@yahoo.com,patrick341@yahoo.com
patterson289@yahoo.com,patterson289@yahoo.com
patterson505@yahoo.com,patterson505@yahoo.com
paul766@mail.com,paul766@mail.com
pearson438@mail.com,pearson438@mail.com
pearson696@mail.com,pearson696@mail.com
pena108@mail.com,pena108@mail.com
pennington347@yahoo.com,pennington347@yahoo.com
pennington484@mail.com,pennington484@mail.com
petersen886@gmail.com,petersen886@gmail.com
peyton.deleon447@mail.com,peyton.deleon447@mail.com
peyton.reese478@mail.com,peyton.reese478@mail.com
peytoncooley250@mail.com,peytoncooley250@mail.com
phelps823@gmail.com,phelps823@gmail.com
phillips444@mail.com,phillips444@mail.com
piper.barr227@mail.com,piper.barr227@mail.com
piper.cain242@gmail.com,piper.cain242@gmail.com
piper.cantrell319@gmail.com,piper.cantrell319@gmail.com
piper.luna780@yahoo.com,piper.luna780@yahoo.com
piperbarron117@gmail.com,piperbarron117@gmail.com
piperhayden249@yahoo.com,piperhayden249@yahoo.com
pittman314@gmail.com,pittman314@gmail.com
pollard100@mail.com,pollard100@mail.com
potter708@gmail.com,potter708@gmail.com
powell204@gmail.com,powell204@gmail.com
price153@yahoo.com,price153@yahoo.com
price790@gmail.com,price790@gmail.com
prince595@yahoo.com,prince595@yahoo.com
prince879@gmail.com,prince879@gmail.com
pruitt733@yahoo.com,pruitt733@yahoo.com
quinn003@gmail.com,quinn003@gmail.com
quinn201@mail.com,quinn201@mail.com
ramos087@yahoo.com,ramos087@yahoo.com
raymond061@yahoo.com,raymond061@yahoo.com
reagan.castillo147@yahoo.com,reagan.castillo147@yahoo.com
reagan.glover229@gmail.com,reagan.glover229@gmail.com
reagan.juarez184@yahoo.com,reagan.juarez184@yahoo.com
reaganfigueroa669@gmail.com,reaganfigueroa669@gmail.com
reaganmurray526@yahoo.com,reaganmurray526@yahoo.com
reaganswanson870@yahoo.com,reaganswanson870@yahoo.com
reeves457@yahoo.com,reeves457@yahoo.com
reilly780@yahoo.com,reilly780@yahoo.com
reyes235@gmail.com,reyes235@gmail.com
rice207@yahoo.com,rice207@yahoo.com
rich391@yahoo.com,rich391@yahoo.com
richards323@mail.com,richards323@mail.com
riddle877@gmail.com,riddle877@gmail.com
riggs573@gmail.com,riggs573@gmail.com
riley.arnold697@gmail.com,riley.arnold697@gmail.com
riley.owens864@yahoo.com,riley.owens864@yahoo.com
rileymaynard124@yahoo.com,rileymaynard124@yahoo.com
rivera106@yahoo.com,rivera106@yahoo.com
rivera498@gmail.com,rivera498@gmail.com
robbins293@mail.com,robbins293@mail.com
robert.campos782@gmail.com,robert.campos782@gmail.com
robert.hayes354@mail.com,robert.hayes354@mail.com
robertalbert126@gmail.com,robertalbert126@gmail.com
robertbrooks144@mail.com,robertbrooks144@mail.com
roberts023@gmail.com,roberts023@gmail.com
robinson520@gmail.com,robinson520@gmail.com
robles511@gmail.com,robles511@gmail.com
roman221@mail.com,roman221@mail.com
rosa584@yahoo.com,rosa584@yahoo.com
ross887@gmail.com,ross887@gmail.com
rowe488@mail.com,rowe488@mail.com
rowe712@mail.com,rowe712@mail.com
russo831@gmail.com,russo831@gmail.com
ryan.justice234@yahoo.com,ryan.justice234@yahoo.com
ryan.sweet152@gmail.com,ryan.sweet152@gmail.com
ryan528@mail.com,ryan528@mail.com
ryanabbott420@yahoo.com,ryanabbott420@yahoo.com
ryanjensen339@mail.com,ryanjensen339@mail.com
ryanmcdowell515@gmail.com,ryanmcdowell515@gmail.com
ryanunderwood473@yahoo.com,ryanunderwood473@yahoo.com
ryanwaters899@mail.com,ryanwaters899@mail.com
ryder.dickerson429@mail.com,ryder.dickerson429@mail.com
ryder.sexton203@mail.com,ryder.sexton203@mail.com
ryderleblanc437@yahoo.com,ryderleblanc437@yahoo.com
rydermaxwell113@mail.com,rydermaxwell113@mail.com
salas061@gmail.com,salas061@gmail.com
salas570@yahoo.com,salas570@yahoo.com
salas644@gmail.com,salas644@gmail.com
salinas538@gmail.com,salinas538@gmail.com
salinas749@mail.com,salinas749@mail.com
samantha.chambers037@gmail.com,samantha.chambers037@gmail.com
samantha.edwards671@yahoo.com,samantha.edwards671@yahoo.com
samantha.humphrey893@yahoo.com,samantha.humphrey893@yahoo.com
samantha.montgomery613@yahoo.com,samantha.montgomery613@yahoo.com
samantha.sellers269@gmail.com,samantha.sellers269@gmail.com
samanthamathews439@yahoo.com,samanthamathews439@yahoo.com
samanthamoreno675@mail.com,samanthamoreno675@mail.com
samanthavincent799@mail.com,samanthavincent799@mail.com
samuel.bullock489@gmail.com,samuel.bullock489@gmail.com
samuel.carrillo574@gmail.com,samuel.carrillo574@gmail.com
samuel.dejesus337@mail.com,samuel.dejesus337@mail.com
samuel.greene287@mail.com,samuel.greene287@mail.com
samuelsweet384@mail.com,samuelsweet384@mail.com
sanchez228@yahoo.com,sanchez228@yahoo.com
sanders489@mail.com,sanders489@mail.com
sanders809@mail.com,sanders809@mail.com
santana572@mail.com,santana572@mail.com
santana578@gmail.com,santana578@gmail.com
santana812@yahoo.com,santana812@yahoo.com
santiago193@mail.com,santiago193@mail.com
santos363@gmail.com,santos363@gmail.com
santos633@gmail.com,santos633@gmail.com
sarah.ball190@gmail.com,sarah.ball190@gmail.com
sarah.lawrence591@gmail.com,sarah.lawrence591@gmail.com
sarahparsons155@yahoo.com,sarahparsons155@yahoo.com
sarahsnider325@gmail.com,sarahsnider325@gmail.com
sargent745@yahoo.com,sargent745@yahoo.com
savannahpowell225@mail.com,savannahpowell225@mail.com
sawyer066@yahoo.com,sawyer066@yahoo.com
sawyer559@gmail.com,sawyer559@gmail.com
scarlettbird312@yahoo.com,scarlettbird312@yahoo.com
scarlettgrant033@gmail.com,scarlettgrant033@gmail.com
schmidt776@mail.com,schmidt776@mail.com
schmidt825@gmail.com,schmidt825@gmail.com
schwartz459@mail.com,schwartz459@mail.com
scott018@gmail.com,scott018@gmail.com
sears115@yahoo.com,sears115@yahoo.com
sears777@mail.com,sears777@mail.com
sebastian.cruz868@yahoo.com,sebastian.cruz868@yahoo.com
sebastian.oliver451@gmail.com,sebastian.oliver451@gmail.com
sebastian.rivas834@yahoo.com,sebastian.rivas834@yahoo.com
sebastian.short848@yahoo.com,sebastian.short848@yahoo.com
sebastiancrane676@gmail.com,sebastiancrane676@gmail.com
sebastianjohns718@gmail.com,sebastianjohns718@gmail.com
sebastianmccray422@yahoo.com,sebastianmccray422@yahoo.com
sebastianweeks353@yahoo.com,sebastianweeks353@yahoo.com
sellers576@yahoo.com,sellers576@yahoo.com
serenity.allen086@mail.com,serenity.allen086@mail.com
serenity.carlson357@yahoo.com,serenity.carlson357@yahoo.com
serenitygarza619@gmail.com,serenitygarza619@gmail.com
sexton509@yahoo.com,sexton509@yahoo.com
shaffer510@mail.com,shaffer510@mail.com
sharp765@mail.com,sharp765@mail.com
sharpe309@mail.com,sharpe309@mail.com
shelton448@gmail.com,shelton448@gmail.com
short252@gmail.com,short252@gmail.com
simmons353@mail.com,simmons353@mail.com
sims155@yahoo.com,sims155@yahoo.com
sims233@yahoo.com,sims233@yahoo.com
skylar.meadows544@yahoo.com,skylar.meadows544@yahoo.com
small885@yahoo.com,small885@yahoo.com
smith727@yahoo.com,smith727@yahoo.com
snow220@yahoo.com,snow220@yahoo.com
sofia.nolan553@yahoo.com,sofia.nolan553@yahoo.com
sofiabaxter692@mail.com,sofiabaxter692@mail.com
sofiagaines047@mail.com,sofiagaines047@mail.com
sofiapreston877@mail.com,sofiapreston877@mail.com
sofiasingleton119@gmail.com,sofiasingleton119@gmail.com
solomon233@mail.com,solomon233@mail.com
sophia.logan808@gmail.com,sophia.logan808@gmail.com
sophia.mosley331@mail.com,sophia.mosley331@mail.com
sophiafrederick688@mail.com,sophiafrederick688@mail.com
sophiaperez096@mail.com,sophiaperez096@mail.com
sophiastuart478@yahoo.com,sophiastuart478@yahoo.com
sophie.sanders209@mail.com,sophie.sanders209@mail.com
soto087@gmail.com,soto087@gmail.com
soto289@gmail.com,soto289@gmail.com
sparks273@yahoo.com,sparks273@yahoo.com
spears839@gmail.com,spears839@gmail.com
spencer872@mail.com,spencer872@mail.com
stafford130@yahoo.com,stafford130@yahoo.com
steele165@gmail.com,steele165@gmail.com
stella.hicks728@gmail.com,stella.hicks728@gmail.com
stella.rhodes866@gmail.com,stella.rhodes866@gmail.com
stellalittle146@gmail.com,stellalittle146@gmail.com
stephens510@gmail.com,stephens510@gmail.com
stephens762@mail.com,stephens762@mail.com
stephenson686@gmail.com,stephenson686@gmail.com
stevenson394@gmail.com,stevenson394@gmail.com
stokes891@yahoo.com,stokes891@yahoo.com
strong435@mail.com,strong435@mail.com
stuart058@gmail.com,stuart058@gmail.com
stuart458@gmail.com,stuart458@gmail.com
suarez763@gmail.com,suarez763@gmail.com
sullivan517@mail.com,sullivan517@mail.com
summers782@gmail.com,summers782@gmail.com
sutton863@gmail.com,sutton863@gmail.com
sydney.mccullough162@mail.com,sydney.mccullough162@mail.com
sydneydean203@yahoo.com,sydneydean203@yahoo.com
sydneydeleon502@gmail.com,sydneydeleon502@gmail.com
sydneydoyle589@yahoo.com,sydneydoyle589@yahoo.com
sydneyfowler572@yahoo.com,sydneyfowler572@yahoo.com
sydneygalloway131@yahoo.com,sydneygalloway131@yahoo.com
sykes258@mail.com,sykes258@mail.com
taylor.blanchard574@gmail.com,taylor.blanchard574@gmail.com
taylor.cochran176@gmail.com,taylor.cochran176@gmail.com
taylordurham888@gmail.com,taylordurham888@gmail.com
terrell830@yahoo.com,terrell830@yahoo.com
terry502@yahoo.com,terry502@yahoo.com
thomas.henderson572@yahoo.com,thomas.henderson572@yahoo.com
thomas.hodges131@gmail.com,thomas.hodges131@gmail.com
thomas337@gmail.com,thomas337@gmail.com
thomaslangley100@yahoo.com,thomaslangley100@yahoo.com
thomasturner176@mail.com,thomasturner176@mail.com
thompson468@mail.com,thompson468@mail.com
thornton736@gmail.com,thornton736@gmail.com
tillman595@yahoo.com,tillman595@yahoo.com
tillman635@mail.com,tillman635@mail.com
torres887@gmail.com,torres887@gmail.com
trevino257@mail.com,trevino257@mail.com
trinity.bauer138@mail.com,trinity.bauer138@mail.com
trinity.reyes472@gmail.com,trinity.reyes472@gmail.com
trinity.walton034@gmail.com,trinity.walton034@gmail.com
trinityfrost291@mail.com,trinityfrost291@mail.com
trinitytorres452@mail.com,trinitytorres452@mail.com
tristan.anderson714@gmail.com,tristan.anderson714@gmail.com
tristan.cameron291@gmail.com,tristan.cameron291@gmail.com
tristan.huber399@yahoo.com,tristan.huber399@yahoo.com
tristan.hutchinson881@gmail.com,tristan.hutchinson881@gmail.com
tristan.rios307@yahoo.com,tristan.rios307@yahoo.com
tristanpowers077@gmail.com,tristanpowers077@gmail.com
tristansexton009@gmail.com,tristansexton009@gmail.com
tristanweber165@mail.com,tristanweber165@mail.com
tucker314@gmail.com,tucker314@gmail.com
tyler.nichols404@yahoo.com,tyler.nichols404@yahoo.com
tyler.norris148@yahoo.com,tyler.norris148@yahoo.com
tylergolden386@yahoo.com,tylergolden386@yahoo.com
tyson069@gmail.com,tyson069@gmail.com
underwood142@gmail.com,underwood142@gmail.com
vasquez721@mail.com,vasquez721@mail.com
vaughn753@mail.com,vaughn753@mail.com
vaughn766@gmail.com,vaughn766@gmail.com
vaughn845@mail.com,vaughn845@mail.com
velasquez142@yahoo.com,velasquez142@yahoo.com
velazquez371@yahoo.com,velazquez371@yahoo.com
victoria.farmer093@mail.com,victoria.farmer093@mail.com
victoria.mathews896@mail.com,victoria.mathews896@mail.com
victoria.ramsey563@yahoo.com,victoria.ramsey563@yahoo.com
victoria.wall802@yahoo.com,victoria.wall802@yahoo.com
victoriagolden526@gmail.com,victoriagolden526@gmail.com
victoriaherman247@gmail.com,victoriaherman247@gmail.com
victoriaryan692@gmail.com,victoriaryan692@gmail.com
villarreal563@mail.com,villarreal563@mail.com
vinson431@yahoo.com,vinson431@yahoo.com
violet.guthrie383@gmail.com,violet.guthrie383@gmail.com
violetcastillo017@gmail.com,violetcastillo017@gmail.com
violetholcomb269@yahoo.com,violetholcomb269@yahoo.com
violetprince230@mail.com,violetprince230@mail.com
wall835@gmail.com,wall835@gmail.com
wallace564@mail.com,wallace564@mail.com
walsh123@gmail.com,walsh123@gmail.com
walters673@gmail.com,walters673@gmail.com
walton818@gmail.com,walton818@gmail.com
washington757@gmail.com,washington757@gmail.com
washington775@yahoo.com,washington775@yahoo.com
watkins606@yahoo.com,watkins606@yahoo.com
webster050@yahoo.com,webster050@yahoo.com
weeks171@gmail.com,weeks171@gmail.com
wells474@mail.com,wells474@mail.com
whitley488@mail.com,whitley488@mail.com
wiley009@mail.com,wiley009@mail.com
wilkerson528@mail.com,wilkerson528@mail.com
wilkerson735@gmail.com,wilkerson735@gmail.com
williammcmahon341@yahoo.com,williammcmahon341@yahoo.com
williamsalazar192@mail.com,williamsalazar192@mail.com
wong293@gmail.com,wong293@gmail.com
woodard354@yahoo.com,woodard354@yahoo.com
wooten623@gmail.com,wooten623@gmail.com
workman408@mail.com,workman408@mail.com
wyatt.fernandez332@mail.com,wyatt.fernandez332@mail.com
wyatt.freeman647@mail.com,wyatt.freeman647@mail.com
wyatt007@mail.com,wyatt007@mail.com
wyatt490@mail.com,wyatt490@mail.com
wyatt728@gmail.com,wyatt728@gmail.com
wyatt732@yahoo.com,wyatt732@yahoo.com
wyattpennington701@yahoo.com,wyattpennington701@yahoo.com
wynn042@yahoo.com,wynn042@yahoo.com
wynn357@mail.com,wynn357@mail.com
xavier.grant705@mail.com,xavier.grant705@mail.com
xavier.jensen621@yahoo.com,xavier.jensen621@yahoo.com
xavierbrock577@yahoo.com,xavierbrock577@yahoo.com
xaviermeyer260@yahoo.com,xaviermeyer260@yahoo.com
york555@yahoo.com,york555@yahoo.com
zachary.hutchinson118@gmail.com,zachary.hutchinson118@gmail.com
zachary.kemp762@mail.com,zachary.kemp762@mail.com
zachary.sexton784@yahoo.com,zachary.sexton784@yahoo.com
zacharyconway881@yahoo.com,zacharyconway881@yahoo.com
zacharyhaynes103@mail.com,zacharyhaynes103@mail.com
zacharylindsey130@gmail.com,zacharylindsey130@gmail.com
zacharysears510@yahoo.com,zacharysears510@yahoo.com
zacharyvargas434@mail.com,zacharyvargas434@mail.com
zamora526@gmail.com,zamora526@gmail.com
zoe.green754@gmail.com,zoe.green754@gmail.com
zoe.rios391@mail.com,zoe.rios391@mail.com
zoe.sampson586@mail.com,zoe.sampson586@mail.com
zoecox754@mail.com,zoecox754@mail.com
zoemanning111@mail.com,zoemanning111@mail.com
zoey.allen610@mail.com,zoey.allen610@mail.com
zoey.cleveland663@mail.com,zoey.cleveland663@mail.com
zoey.kinney411@yahoo.com,zoey.kinney411@yahoo.com
zoeyvang735@mail.com,zoeyvang735@mail.com
